[
  {
    "model": "accounts.CustomUser",
    "pk": 2,
    "fields": {
      "username": "admin",
      "password": "pbkdf2_sha256$390000$qdpcoYod7sAYFzG1t3IPyX$2Ka7pAfZq/QLB9ZoBhSetEaCPfHNo10f5tHsZswuJMU=",
      "registration_accepted": true,
      "is_superuser": true,
      "is_staff": true,
      "is_active": true,
      "email": "admin@example.com",
      "last_login": null,
      "date_joined": "2025-07-02T21:54:13.240431"
    }
  },
  {
    "model": "blog.category",
    "pk": 1,
    "fields": {
      "name": "Django",
      "date_created": "2025-07-02T21:54:13.240431"
    }
  },
  {
    "model": "blog.category",
    "pk": 2,
    "fields": {
      "name": "DevOps",
      "date_created": "2025-07-02T21:54:13.240431"
    }
  },
  {
    "model": "blog.category",
    "pk": 3,
    "fields": {
      "name": "Python",
      "date_created": "2025-07-02T21:54:13.240431"
    }
  },
  {
    "model": "blog.category",
    "pk": 4,
    "fields": {
      "name": "AI",
      "date_created": "2025-07-02T21:54:13.240431"
    }
  },
  {
    "model": "blog.category",
    "pk": 5,
    "fields": {
      "name": "Web Design",
      "date_created": "2025-07-02T21:54:13.240431"
    }
  },
  {
    "model": "blog.category",
    "pk": 6,
    "fields": {
      "name": "APIs",
      "date_created": "2025-07-02T21:54:13.240431"
    }
  },
  {
    "model": "blog.category",
    "pk": 7,
    "fields": {
      "name": "Tutorials",
      "date_created": "2025-07-02T21:54:13.240431"
    }
  },
  {
    "model": "blog.category",
    "pk": 8,
    "fields": {
      "name": "Linux",
      "date_created": "2025-07-02T21:54:13.240431"
    }
  },
  {
    "model": "blog.category",
    "pk": 9,
    "fields": {
      "name": "Career",
      "date_created": "2025-07-02T21:54:13.240431"
    }
  },
  {
    "model": "blog.post",
    "pk": 1,
    "fields": {
      "title": "Post Title 1",
      "body": "Body of the post 1. This is a detailed post about something interesting.",
      "date_posted": "2025-07-02T21:54:13.240431",
      "author": 2,
      "categories": [
        7,
        6,
        3
      ]
    }
  },
  {
    "model": "blog.post",
    "pk": 2,
    "fields": {
      "title": "Post Title 2",
      "body": "Body of the post 2. This is a detailed post about something interesting.",
      "date_posted": "2025-07-02T21:54:13.240431",
      "author": 2,
      "categories": [
        8,
        7,
        3
      ]
    }
  },
  {
    "model": "blog.post",
    "pk": 3,
    "fields": {
      "title": "Post Title 3",
      "body": "Body of the post 3. This is a detailed post about something interesting.",
      "date_posted": "2025-07-02T21:54:13.240431",
      "author": 2,
      "categories": [
        9,
        7,
        8
      ]
    }
  },
  {
    "model": "blog.post",
    "pk": 4,
    "fields": {
      "title": "Post Title 4",
      "body": "Body of the post 4. This is a detailed post about something interesting.",
      "date_posted": "2025-07-02T21:54:13.240431",
      "author": 2,
      "categories": [
        9
      ]
    }
  },
  {
    "model": "blog.post",
    "pk": 5,
    "fields": {
      "title": "Post Title 5",
      "body": "Body of the post 5. This is a detailed post about something interesting.",
      "date_posted": "2025-07-02T21:54:13.240431",
      "author": 2,
      "categories": [
        3,
        8
      ]
    }
  },
  {
    "model": "blog.comment",
    "pk": 1,
    "fields": {
      "post": 4,
      "author": "user1",
      "body": "This is comment number 1. Great post!",
      "date_posted": "2025-07-02T21:54:13.240431"
    }
  },
  {
    "model": "blog.comment",
    "pk": 2,
    "fields": {
      "post": 5,
      "author": "user2",
      "body": "This is comment number 2. Great post!",
      "date_posted": "2025-07-02T21:54:13.240431"
    }
  },
  {
    "model": "blog.comment",
    "pk": 3,
    "fields": {
      "post": 5,
      "author": "user3",
      "body": "This is comment number 3. Great post!",
      "date_posted": "2025-07-02T21:54:13.240431"
    }
  },
  {
    "model": "blog.comment",
    "pk": 4,
    "fields": {
      "post": 2,
      "author": "user4",
      "body": "This is comment number 4. Great post!",
      "date_posted": "2025-07-02T21:54:13.240431"
    }
  },
  {
    "model": "blog.comment",
    "pk": 5,
    "fields": {
      "post": 2,
      "author": "user5",
      "body": "This is comment number 5. Great post!",
      "date_posted": "2025-07-02T21:54:13.240431"
    }
  },
  {
    "model": "blog.comment",
    "pk": 6,
    "fields": {
      "post": 4,
      "author": "user6",
      "body": "This is comment number 6. Great post!",
      "date_posted": "2025-07-02T21:54:13.240431"
    }
  },
  {
    "model": "blog.comment",
    "pk": 7,
    "fields": {
      "post": 5,
      "author": "user7",
      "body": "This is comment number 7. Great post!",
      "date_posted": "2025-07-02T21:54:13.240431"
    }
  },
  {
    "model": "blog.comment",
    "pk": 8,
    "fields": {
      "post": 4,
      "author": "user8",
      "body": "This is comment number 8. Great post!",
      "date_posted": "2025-07-02T21:54:13.240431"
    }
  },
  {
    "model": "blog.comment",
    "pk": 9,
    "fields": {
      "post": 3,
      "author": "user9",
      "body": "This is comment number 9. Great post!",
      "date_posted": "2025-07-02T21:54:13.240431"
    }
  },
  {
    "model": "blog.comment",
    "pk": 10,
    "fields": {
      "post": 3,
      "author": "user10",
      "body": "This is comment number 10. Great post!",
      "date_posted": "2025-07-02T21:54:13.240431"
    }
  },
  {
    "model": "portfolio.technology",
    "pk": 1,
    "fields": {
      "name": "Django",
      "description": "Description of Django",
      "created_at": "2025-07-02T21:54:13.240431",
      "updated_at": "2025-07-02T21:54:13.240431"
    }
  },
  {
    "model": "portfolio.technology",
    "pk": 2,
    "fields": {
      "name": "Flask",
      "description": "Description of Flask",
      "created_at": "2025-07-02T21:54:13.240431",
      "updated_at": "2025-07-02T21:54:13.240431"
    }
  },
  {
    "model": "portfolio.technology",
    "pk": 3,
    "fields": {
      "name": "FastAPI",
      "description": "Description of FastAPI",
      "created_at": "2025-07-02T21:54:13.240431",
      "updated_at": "2025-07-02T21:54:13.240431"
    }
  },
  {
    "model": "portfolio.technology",
    "pk": 4,
    "fields": {
      "name": "Python",
      "description": "Description of Python",
      "created_at": "2025-07-02T21:54:13.240431",
      "updated_at": "2025-07-02T21:54:13.240431"
    }
  },
  {
    "model": "portfolio.technology",
    "pk": 5,
    "fields": {
      "name": "HTML",
      "description": "Description of HTML",
      "created_at": "2025-07-02T21:54:13.240431",
      "updated_at": "2025-07-02T21:54:13.240431"
    }
  },
  {
    "model": "portfolio.technology",
    "pk": 6,
    "fields": {
      "name": "CSS",
      "description": "Description of CSS",
      "created_at": "2025-07-02T21:54:13.240431",
      "updated_at": "2025-07-02T21:54:13.240431"
    }
  },
  {
    "model": "portfolio.technology",
    "pk": 7,
    "fields": {
      "name": "JavaScript",
      "description": "Description of JavaScript",
      "created_at": "2025-07-02T21:54:13.240431",
      "updated_at": "2025-07-02T21:54:13.240431"
    }
  },
  {
    "model": "portfolio.technology",
    "pk": 8,
    "fields": {
      "name": "TypeScript",
      "description": "Description of TypeScript",
      "created_at": "2025-07-02T21:54:13.240431",
      "updated_at": "2025-07-02T21:54:13.240431"
    }
  },
  {
    "model": "portfolio.technology",
    "pk": 9,
    "fields": {
      "name": "Vue.js",
      "description": "Description of Vue.js",
      "created_at": "2025-07-02T21:54:13.240431",
      "updated_at": "2025-07-02T21:54:13.240431"
    }
  },
  {
    "model": "portfolio.technology",
    "pk": 10,
    "fields": {
      "name": "React",
      "description": "Description of React",
      "created_at": "2025-07-02T21:54:13.240431",
      "updated_at": "2025-07-02T21:54:13.240431"
    }
  },
  {
    "model": "portfolio.technology",
    "pk": 11,
    "fields": {
      "name": "Docker",
      "description": "Description of Docker",
      "created_at": "2025-07-02T21:54:13.240431",
      "updated_at": "2025-07-02T21:54:13.240431"
    }
  },
  {
    "model": "portfolio.technology",
    "pk": 12,
    "fields": {
      "name": "Kubernetes",
      "description": "Description of Kubernetes",
      "created_at": "2025-07-02T21:54:13.240431",
      "updated_at": "2025-07-02T21:54:13.240431"
    }
  },
  {
    "model": "portfolio.technology",
    "pk": 13,
    "fields": {
      "name": "PostgreSQL",
      "description": "Description of PostgreSQL",
      "created_at": "2025-07-02T21:54:13.240431",
      "updated_at": "2025-07-02T21:54:13.240431"
    }
  },
  {
    "model": "portfolio.technology",
    "pk": 14,
    "fields": {
      "name": "MySQL",
      "description": "Description of MySQL",
      "created_at": "2025-07-02T21:54:13.240431",
      "updated_at": "2025-07-02T21:54:13.240431"
    }
  },
  {
    "model": "portfolio.technology",
    "pk": 15,
    "fields": {
      "name": "SQLite",
      "description": "Description of SQLite",
      "created_at": "2025-07-02T21:54:13.240431",
      "updated_at": "2025-07-02T21:54:13.240431"
    }
  },
  {
    "model": "portfolio.technology",
    "pk": 16,
    "fields": {
      "name": "Redis",
      "description": "Description of Redis",
      "created_at": "2025-07-02T21:54:13.240431",
      "updated_at": "2025-07-02T21:54:13.240431"
    }
  },
  {
    "model": "portfolio.technology",
    "pk": 17,
    "fields": {
      "name": "Celery",
      "description": "Description of Celery",
      "created_at": "2025-07-02T21:54:13.240431",
      "updated_at": "2025-07-02T21:54:13.240431"
    }
  },
  {
    "model": "portfolio.technology",
    "pk": 18,
    "fields": {
      "name": "Git",
      "description": "Description of Git",
      "created_at": "2025-07-02T21:54:13.240431",
      "updated_at": "2025-07-02T21:54:13.240431"
    }
  },
  {
    "model": "portfolio.technology",
    "pk": 19,
    "fields": {
      "name": "GitHub Actions",
      "description": "Description of GitHub Actions",
      "created_at": "2025-07-02T21:54:13.240431",
      "updated_at": "2025-07-02T21:54:13.240431"
    }
  },
  {
    "model": "portfolio.technology",
    "pk": 20,
    "fields": {
      "name": "CircleCI",
      "description": "Description of CircleCI",
      "created_at": "2025-07-02T21:54:13.240431",
      "updated_at": "2025-07-02T21:54:13.240431"
    }
  },
  {
    "model": "portfolio.technology",
    "pk": 21,
    "fields": {
      "name": "Tailwind CSS",
      "description": "Description of Tailwind CSS",
      "created_at": "2025-07-02T21:54:13.240431",
      "updated_at": "2025-07-02T21:54:13.240431"
    }
  },
  {
    "model": "portfolio.technology",
    "pk": 22,
    "fields": {
      "name": "Bootstrap",
      "description": "Description of Bootstrap",
      "created_at": "2025-07-02T21:54:13.240431",
      "updated_at": "2025-07-02T21:54:13.240431"
    }
  },
  {
    "model": "portfolio.technology",
    "pk": 23,
    "fields": {
      "name": "Nginx",
      "description": "Description of Nginx",
      "created_at": "2025-07-02T21:54:13.240431",
      "updated_at": "2025-07-02T21:54:13.240431"
    }
  },
  {
    "model": "portfolio.technology",
    "pk": 24,
    "fields": {
      "name": "Gunicorn",
      "description": "Description of Gunicorn",
      "created_at": "2025-07-02T21:54:13.240431",
      "updated_at": "2025-07-02T21:54:13.240431"
    }
  },
  {
    "model": "portfolio.technology",
    "pk": 25,
    "fields": {
      "name": "Linux",
      "description": "Description of Linux",
      "created_at": "2025-07-02T21:54:13.240431",
      "updated_at": "2025-07-02T21:54:13.240431"
    }
  },
  {
    "model": "portfolio.technology",
    "pk": 26,
    "fields": {
      "name": "WSL",
      "description": "Description of WSL",
      "created_at": "2025-07-02T21:54:13.240431",
      "updated_at": "2025-07-02T21:54:13.240431"
    }
  },
  {
    "model": "portfolio.technology",
    "pk": 27,
    "fields": {
      "name": "Pipenv",
      "description": "Description of Pipenv",
      "created_at": "2025-07-02T21:54:13.240431",
      "updated_at": "2025-07-02T21:54:13.240431"
    }
  },
  {
    "model": "portfolio.technology",
    "pk": 28,
    "fields": {
      "name": "Poetry",
      "description": "Description of Poetry",
      "created_at": "2025-07-02T21:54:13.240431",
      "updated_at": "2025-07-02T21:54:13.240431"
    }
  },
  {
    "model": "portfolio.technology",
    "pk": 29,
    "fields": {
      "name": "Black",
      "description": "Description of Black",
      "created_at": "2025-07-02T21:54:13.240431",
      "updated_at": "2025-07-02T21:54:13.240431"
    }
  },
  {
    "model": "portfolio.technology",
    "pk": 30,
    "fields": {
      "name": "Isort",
      "description": "Description of Isort",
      "created_at": "2025-07-02T21:54:13.240431",
      "updated_at": "2025-07-02T21:54:13.240431"
    }
  },
  {
    "model": "portfolio.technology",
    "pk": 31,
    "fields": {
      "name": "pytest",
      "description": "Description of pytest",
      "created_at": "2025-07-02T21:54:13.240431",
      "updated_at": "2025-07-02T21:54:13.240431"
    }
  },
  {
    "model": "portfolio.technology",
    "pk": 32,
    "fields": {
      "name": "FactoryBoy",
      "description": "Description of FactoryBoy",
      "created_at": "2025-07-02T21:54:13.240431",
      "updated_at": "2025-07-02T21:54:13.240431"
    }
  },
  {
    "model": "portfolio.technology",
    "pk": 33,
    "fields": {
      "name": "Jest",
      "description": "Description of Jest",
      "created_at": "2025-07-02T21:54:13.240431",
      "updated_at": "2025-07-02T21:54:13.240431"
    }
  },
  {
    "model": "portfolio.technology",
    "pk": 34,
    "fields": {
      "name": "Playwright",
      "description": "Description of Playwright",
      "created_at": "2025-07-02T21:54:13.240431",
      "updated_at": "2025-07-02T21:54:13.240431"
    }
  },
  {
    "model": "portfolio.technology",
    "pk": 35,
    "fields": {
      "name": "Selenium",
      "description": "Description of Selenium",
      "created_at": "2025-07-02T21:54:13.240431",
      "updated_at": "2025-07-02T21:54:13.240431"
    }
  },
  {
    "model": "portfolio.technology",
    "pk": 36,
    "fields": {
      "name": "GraphQL",
      "description": "Description of GraphQL",
      "created_at": "2025-07-02T21:54:13.240431",
      "updated_at": "2025-07-02T21:54:13.240431"
    }
  },
  {
    "model": "portfolio.technology",
    "pk": 37,
    "fields": {
      "name": "REST API",
      "description": "Description of REST API",
      "created_at": "2025-07-02T21:54:13.240431",
      "updated_at": "2025-07-02T21:54:13.240431"
    }
  },
  {
    "model": "portfolio.technology",
    "pk": 38,
    "fields": {
      "name": "DRF",
      "description": "Description of DRF",
      "created_at": "2025-07-02T21:54:13.240431",
      "updated_at": "2025-07-02T21:54:13.240431"
    }
  },
  {
    "model": "portfolio.technology",
    "pk": 39,
    "fields": {
      "name": "Markdown",
      "description": "Description of Markdown",
      "created_at": "2025-07-02T21:54:13.240431",
      "updated_at": "2025-07-02T21:54:13.240431"
    }
  },
  {
    "model": "portfolio.technology",
    "pk": 40,
    "fields": {
      "name": "SASS",
      "description": "Description of SASS",
      "created_at": "2025-07-02T21:54:13.240431",
      "updated_at": "2025-07-02T21:54:13.240431"
    }
  },
  {
    "model": "portfolio.project",
    "pk": 1,
    "fields": {
      "owner": 1,
      "title": "Project 1",
      "description": "Description of project 1, which is a demo or real-world project.",
      "repository_url": "https://github.com/example/project1",
      "technology": [
        23,
        22,
        29
      ],
      "created_at": "2025-07-02T21:54:13.240431",
      "updated_at": "2025-07-02T21:54:13.240431",
      "main_image": null
    }
  },
  {
    "model": "portfolio.project",
    "pk": 2,
    "fields": {
      "owner": 1,
      "title": "Project 2",
      "description": "Description of project 2, which is a demo or real-world project.",
      "repository_url": "https://github.com/example/project2",
      "technology": [
        32,
        8,
        39,
        10
      ],
      "created_at": "2025-07-02T21:54:13.240431",
      "updated_at": "2025-07-02T21:54:13.240431",
      "main_image": null
    }
  },
  {
    "model": "portfolio.project",
    "pk": 3,
    "fields": {
      "owner": 1,
      "title": "Project 3",
      "description": "Description of project 3, which is a demo or real-world project.",
      "repository_url": "https://github.com/example/project3",
      "technology": [
        5,
        21,
        28,
        40
      ],
      "created_at": "2025-07-02T21:54:13.240431",
      "updated_at": "2025-07-02T21:54:13.240431",
      "main_image": null
    }
  },
  {
    "model": "portfolio.project",
    "pk": 4,
    "fields": {
      "owner": 1,
      "title": "Project 4",
      "description": "Description of project 4, which is a demo or real-world project.",
      "repository_url": "https://github.com/example/project4",
      "technology": [
        10,
        27,
        17
      ],
      "created_at": "2025-07-02T21:54:13.240431",
      "updated_at": "2025-07-02T21:54:13.240431",
      "main_image": null
    }
  },
  {
    "model": "portfolio.project",
    "pk": 5,
    "fields": {
      "owner": 1,
      "title": "Project 5",
      "description": "Description of project 5, which is a demo or real-world project.",
      "repository_url": "https://github.com/example/project5",
      "technology": [
        5,
        27,
        17,
        31
      ],
      "created_at": "2025-07-02T21:54:13.240431",
      "updated_at": "2025-07-02T21:54:13.240431",
      "main_image": null
    }
  },
  {
    "model": "portfolio.project",
    "pk": 6,
    "fields": {
      "owner": 1,
      "title": "Project 6",
      "description": "Description of project 6, which is a demo or real-world project.",
      "repository_url": "https://github.com/example/project6",
      "technology": [
        37,
        16,
        25,
        30,
        19
      ],
      "created_at": "2025-07-02T21:54:13.240431",
      "updated_at": "2025-07-02T21:54:13.240431",
      "main_image": null
    }
  },
  {
    "model": "portfolio.project",
    "pk": 7,
    "fields": {
      "owner": 1,
      "title": "Project 7",
      "description": "Description of project 7, which is a demo or real-world project.",
      "repository_url": "https://github.com/example/project7",
      "technology": [
        18,
        6,
        21
      ],
      "created_at": "2025-07-02T21:54:13.240431",
      "updated_at": "2025-07-02T21:54:13.240431",
      "main_image": null
    }
  },
  {
    "model": "portfolio.project",
    "pk": 8,
    "fields": {
      "owner": 1,
      "title": "Project 8",
      "description": "Description of project 8, which is a demo or real-world project.",
      "repository_url": "https://github.com/example/project8",
      "technology": [
        31,
        22,
        7,
        23,
        39
      ],
      "created_at": "2025-07-02T21:54:13.240431",
      "updated_at": "2025-07-02T21:54:13.240431",
      "main_image": null
    }
  },
  {
    "model": "portfolio.project",
    "pk": 9,
    "fields": {
      "owner": 1,
      "title": "Project 9",
      "description": "Description of project 9, which is a demo or real-world project.",
      "repository_url": "https://github.com/example/project9",
      "technology": [
        9,
        17,
        37,
        1,
        39,
        5
      ],
      "created_at": "2025-07-02T21:54:13.240431",
      "updated_at": "2025-07-02T21:54:13.240431",
      "main_image": null
    }
  },
  {
    "model": "portfolio.project",
    "pk": 10,
    "fields": {
      "owner": 1,
      "title": "Project 10",
      "description": "Description of project 10, which is a demo or real-world project.",
      "repository_url": "https://github.com/example/project10",
      "technology": [
        39,
        29,
        38,
        7
      ],
      "created_at": "2025-07-02T21:54:13.240431",
      "updated_at": "2025-07-02T21:54:13.240431",
      "main_image": null
    }
  },
  {
    "model": "portfolio.project",
    "pk": 11,
    "fields": {
      "owner": 1,
      "title": "Project 11",
      "description": "Description of project 11, which is a demo or real-world project.",
      "repository_url": "https://github.com/example/project11",
      "technology": [
        1,
        6,
        27
      ],
      "created_at": "2025-07-02T21:54:13.240431",
      "updated_at": "2025-07-02T21:54:13.240431",
      "main_image": null
    }
  },
  {
    "model": "portfolio.project",
    "pk": 12,
    "fields": {
      "owner": 1,
      "title": "Project 12",
      "description": "Description of project 12, which is a demo or real-world project.",
      "repository_url": "https://github.com/example/project12",
      "technology": [
        2,
        19,
        11,
        8,
        28
      ],
      "created_at": "2025-07-02T21:54:13.240431",
      "updated_at": "2025-07-02T21:54:13.240431",
      "main_image": null
    }
  },
  {
    "model": "portfolio.project",
    "pk": 13,
    "fields": {
      "owner": 1,
      "title": "Project 13",
      "description": "Description of project 13, which is a demo or real-world project.",
      "repository_url": "https://github.com/example/project13",
      "technology": [
        2,
        28,
        4
      ],
      "created_at": "2025-07-02T21:54:13.240431",
      "updated_at": "2025-07-02T21:54:13.240431",
      "main_image": null
    }
  },
  {
    "model": "portfolio.project",
    "pk": 14,
    "fields": {
      "owner": 1,
      "title": "Project 14",
      "description": "Description of project 14, which is a demo or real-world project.",
      "repository_url": "https://github.com/example/project14",
      "technology": [
        39,
        4,
        9,
        27,
        40
      ],
      "created_at": "2025-07-02T21:54:13.240431",
      "updated_at": "2025-07-02T21:54:13.240431",
      "main_image": null
    }
  },
  {
    "model": "portfolio.project",
    "pk": 15,
    "fields": {
      "owner": 1,
      "title": "Project 15",
      "description": "Description of project 15, which is a demo or real-world project.",
      "repository_url": "https://github.com/example/project15",
      "technology": [
        9,
        16,
        19
      ],
      "created_at": "2025-07-02T21:54:13.240431",
      "updated_at": "2025-07-02T21:54:13.240431",
      "main_image": null
    }
  },
  {
    "model": "portfolio.project",
    "pk": 16,
    "fields": {
      "owner": 1,
      "title": "Project 16",
      "description": "Description of project 16, which is a demo or real-world project.",
      "repository_url": "https://github.com/example/project16",
      "technology": [
        40,
        37,
        29,
        10,
        19
      ],
      "created_at": "2025-07-02T21:54:13.240431",
      "updated_at": "2025-07-02T21:54:13.240431",
      "main_image": null
    }
  },
  {
    "model": "portfolio.project",
    "pk": 17,
    "fields": {
      "owner": 1,
      "title": "Project 17",
      "description": "Description of project 17, which is a demo or real-world project.",
      "repository_url": "https://github.com/example/project17",
      "technology": [
        23,
        9,
        14
      ],
      "created_at": "2025-07-02T21:54:13.240431",
      "updated_at": "2025-07-02T21:54:13.240431",
      "main_image": null
    }
  }
]